Название,Весовка,Цена
" vetplus Lypex para Perro y Gato, 60 , 63.95 €"
" Bioiberica Impromune, 20 Comprimidos40 Comprimidos200 Comprimidos, 24.95 €33.95 €126.50 €"
" vetplus Fibor para Perro y Gato, 500 Gr., 18.95 €"
" Bioiberica Prolivet Protector hepatico 30 comprimidos, Perro y gatoPerro MedianoPerro Grande, 23.95 €32.95 €44.95 €"
" Dechra Catmalt para Gato, 50 Gr., 6.25 €"
" farmadiet Antidiarreico Daforte para Perro y Gato, 20 ml50 ml, 9.50 €12.50 €"
" Feliway Pack Recambio Feliway Clasic, 3 Unidades., 49.95 €"
" vetplus Cystaid para Gato, 180, 57.95 €"
" Condrovet Force HA Gatos, 45 Comprimidos, 22.95 €"
" Atopivet para perros atópicos, 60 Comprimidos180 Comprimidos, 22.99 €48.50 €"
" vetplus Kaminox para perro y Gato, 60 ml120 ml, 16.50 €27.50 €"
" Urano Vet U*Derm Omega Gel para Perro y Gato, 50 Gr., 16.95 €"
" Bioiberica Entero-Chronic, 30 Unidades.60 Unidades., 20.50 €34.95 €"
" Feliway Pack Recambio Feliway Friends, 3 Unidades., 49.95 €"
" farmadiet Oleoderm Capsulas Dermatologicas para Perro y Gato, 60 Comprimidos360 Comprimidos, 19.95 €104.95 €"
" Fatro Malta Akiball para Gato, 100 Gr., 7.99 €"
" Ecuphar Cosequin Advanced para Gato, 45 Comprimidos, 20.95 €"
" Silycure Protector hepatico perros y gatos, 60 Comprimidos - 40 mg30 Comprimidos - 160 mg, 23.90 €35.15 €"
" Stangest Dermovital Omega 3-6-9 para Perro y Gato, 60 300, 14.95 €47.25 €"
" virbac Allerdem Pipetas Dermatologicas, 6 Pipetas - 2 ml6 Pipetas - 4 ml, 20.95 €25.95 €"
" Kerato Balm Bálsamo reparador para perros, 50 ml, 15.95 €"
" Stangest Malta con omega 3-6 y Taurina para Perro y Gato, 100 Gr., 8.25 €"
" Clorhexidina solucion 1% desinclor rosa, 500 ml, 10.50 €"
" Vetoquinol Flexadin Plus Mini para Perro y Gato, 30 Comprimidos90 Comprimidos, 18.95 €33.95 €"
" Feliway Difusor Eléctrico, 48 ml, 23.95 €"
